Maria Oliveira,123.456.789-00
José Silva,234.567.890-11
Ana Santos,345.678.901-22
Carlos Pereira,456.789.012-33
Laura Costa,567.890.123-44
Pedro Martins,678.901.234-55
Sofia Mendes,789.012.345-66
André Fernandes,890.123.456-77
Beatriz Almeida,901.234.567-88
Ricardo Sousa,012.345.678-99
Fernanda Lima,123.456.789-10
Gustavo Carvalho,234.567.890-21
Camila Vieira,345.678.901-32
Felipe Oliveira,456.789.012-43
Amanda Santos,567.890.123-54
Lucas Pereira,678.901.234-65
Mariana Costa,789.012.345-76
Diego Martins,890.123.456-87
Carolina Mendes,901.234.567-98
Guilherme Almeida,012.345.678-09
Isabela Sousa,123.456.789-20
Rafael Lima,234.567.890-31
Juliana Carvalho,345.678.901-42
Bruno Vieira,456.789.012-53
Vanessa Oliveira,567.890.123-64
Roberto Santos,678.901.234-75
Tatiane Pereira,789.012.345-86
Marcelo Costa,890.123.456-97
Renata Martins,901.234.567-08
João Mendes,012.345.678-19
Patrícia Almeida,123.456.789-20
Fábio Sousa,234.567.890-31
Renata Lima,345.678.901-42
Thiago Carvalho,456.789.012-53
Luana Vieira,567.890.123-64
Daniel Oliveira,678.901.234-75
Carla Santos,789.012.345-86
Vinícius Pereira,890.123.456-97
Ana Costa,901.234.567-08
José Martins,012.345.678-19
Larissa Mendes,123.456.789-30
Leonardo Almeida,234.567.890-41
Gabriela Sousa,345.678.901-52
Raphael Lima,456.789.012-63
Cristina Carvalho,567.890.123-74
Mateus Vieira,678.901.234-85
